A,B,C,D,E,F,G,H,I,J,K,L,M,N,O,P,Q,R,S,T,U,V,W,X,Y,Z,a,b,c,d,e,f,g,h,i,j,k,l,m,n,o,p,q,r,s,t,u,v,w,x,y,z,Ć,ć,Č,č,Đ,đ,Š,š,Ž,ž
747,234,67,524,532,78,144,169,683,431,369,292,599,688,573,522,0,275,523,534,297,347,16,0,3,277,25642,3277,1838,6888,19030,376,3577,1374,21813,11551,7444,8218,7741,12263,21073,6083,0,10249,10316,9753,9456,7079,5,1,35,3689,14,1362,92,1797,13,310,113,2573,32,1092
953,326,130,399,766,102,305,160,921,521,539,330,415,701,825,466,2,523,729,471,444,390,13,4,8,245,14485,1934,1002,4288,11032,200,2058,827,12481,6659,4319,4648,4586,7401,12286,3418,19,5741,6043,5228,5691,4206,18,24,54,1941,17,909,118,1207,12,250,92,1339,58,648
175,109,27,100,59,22,30,29,96,90,94,48,117,148,142,157,2,79,172,178,104,55,2,5,6,68,9888,1293,671,2930,8404,181,1364,543,8788,5126,3020,2807,3165,5774,8940,2547,8,4088,4453,4812,3729,3135,3,13,28,1655,0,539,25,1042,1,161,26,892,13,534
339,220,71,221,203,55,88,84,292,284,421,96,348,402,275,312,0,162,412,229,137,143,13,9,2,190,21743,2335,1492,5721,16634,289,2854,1016,16896,9837,7186,8131,5157,10576,17026,4714,1,7868,8829,8598,8046,5911,24,9,80,3279,0,907,62,1830,1,276,71,1716,30,986
402,159,39,361,132,47,121,62,424,196,264,101,236,520,426,263,1,142,299,268,187,140,15,1,0,196,15608,1991,734,4483,11595,151,2011,653,12638,6750,4350,4840,5074,7833,13283,3363,0,5301,5979,6287,5477,4035,19,7,29,2180,5,843,62,1168,3,189,77,1579,18,750
219,350,31,351,25,35,98,64,264,271,252,170,577,632,296,468,0,513,616,245,215,200,0,0,1,298,24722,3193,1584,7091,17735,300,3232,1026,21185,10747,6027,7283,7954,11576,19342,4887,0,8651,9401,8982,8500,6396,1,3,3,3427,5,1601,42,1792,7,268,68,2793,36,1159
181,110,28,149,35,10,61,31,234,104,193,32,191,328,140,208,0,59,196,133,137,95,0,0,2,138,11171,1366,865,2748,8552,157,1326,525,8622,4527,3280,3672,3702,5279,7670,2317,0,3999,4155,3989,4059,2902,5,1,10,1707,1,704,37,809,2,151,35,1163,29,571
120,98,10,124,36,35,74,83,107,62,122,34,137,197,106,175,2,63,148,132,84,99,4,0,0,169,17049,2194,1144,4822,13853,304,2193,1029,14850,7691,5011,5050,5827,9331,14149,3821,3,6498,7840,7980,5943,5427,13,18,8,2755,0,991,19,1364,0,249,47,1804,8,834
196,132,21,298,144,9,58,54,333,164,249,79,376,629,435,378,0,77,412,272,205,115,0,0,0,209,25980,2758,1147,7298,18210,159,3021,1095,19180,9831,6459,8809,8938,11239,19106,5363,0,8303,10573,9615,8323,5879,5,0,1,3314,6,1889,72,1876,1,305,81,2575,22,1125
953,326,130,399,766,102,305,160,921,521,539,330,415,701,825,466,2,523,729,471,444,390,13,4,8,245,14485,1934,1002,4288,11032,200,2058,827,12481,6659,4319,4648,4586,7401,12286,3418,19,5741,6043,5228,5691,4206,18,24,54,1941,17,909,118,1207,12,250,92,1339,58,648
